Date,SPY,EFA,EEM,IEF,TLT,LQD,HYG,GLD,DBC,VNQ,SHY
2008-04-30,0.04766279039605159,0.05438090633811288,0.09138230928020574,-0.02417321830170993,-0.02486271369549553,0.012447597440499392,0.03397023127849352,-0.0415883418198143,0.060385735128084095,0.06379236130174104,-0.008375458321137508
2008-05-31,0.015116101411910998,0.011871796830523529,0.031638195690987025,-0.017776143856992443,-0.026882585532973402,-0.022051867669256042,-0.00508543586430088,0.009232491728512704,0.06907444747510838,-0.002109218450270789,-0.003461535012785011
2008-06-30,-0.08357558701036516,-0.08786803619689088,-0.09269494858826233,0.011460095960324157,0.02653554331431085,-0.012918380807873442,-0.036746939244683086,0.0451687217321981,0.10431576370347706,-0.10615375526881365,0.0024561834128200566
2008-07-31,-0.008985745534279665,-0.0332021861648133,-0.05503993510178995,0.007205586794504448,-0.0036734446856588887,0.003902861448718431,0.005903762955286718,-0.014442009549097135,-0.09781152204137578,0.031153703751398254,0.004341751386770287
2008-08-31,0.015453551644578178,-0.04247626525735715,-0.06315795196508922,0.01526589529556821,0.027392442085841573,0.0014466824272962864,-0.008978716164724898,-0.09291743535130015,-0.06534647411102745,0.023738286929491315,0.004663684567368431
2008-09-30,-0.09417341535746271,-0.11436210883517106,-0.1468166536417026,-0.0014024870744657747,0.014760855244825288,-0.10730398346361314,-0.10655839867387917,0.04112104574714248,-0.10248947966785249,-0.001237252312336734,0.0077795094219828
2008-10-31,-0.16518665405316835,-0.2083483076688354,-0.2557797880762591,-0.008629582840809835,-0.018607749823554398,-0.01941064280224236,-0.11449986208335405,-0.1613965370422935,-0.25081141777857463,-0.31726971242726454,0.011046777475308023
2008-11-30,-0.06960716342844675,-0.06371988408901286,-0.09752253465268967,0.07753885401489624,0.14341324758327434,0.033537741522335685,-0.07095912314386543,0.1257359360970265,-0.1236707617497087,-0.2271741045157356,0.011052403893095475
2008-12-31,0.00979686203420016,0.08868420841796998,0.10333526412374994,0.05156144755373204,0.13652460925273768,0.13814405869039414,0.16766337351414395,0.07732535516442862,-0.032621744602575276,0.16710938131059727,0.005631325739997806
2009-01-31,-0.08211419973959855,-0.13731633168817792,-0.09291140786883412,-0.03887183697712404,-0.13070862965712626,-0.018003410324878732,-0.010130903651697554,0.055362934597515734,-0.04436047934703835,-0.17530868239785435,-0.004370905197012553
2009-02-28,-0.10744935075534778,-0.10387562144125406,-0.06269331556755997,-0.007348701057380724,-0.015319140765890582,-0.052039405940652594,-0.09715770913360222,0.014456244990885603,-0.05629638129785752,-0.20525642562446722,-0.0014495969371896011
2009-03-31,0.08331066657211905,0.08390953141665869,0.16862924622242415,0.03313703048691763,0.040473014917317585,0.004718140977467478,0.01907369824330085,-0.025369734900152596,0.046572476132336504,0.03641453734625455,0.0049934107049165455
2009-04-30,0.09934617407459867,0.11519062423576676,0.1555826533051885,-0.027451490305622994,-0.06952051468300013,0.027767813931421248,0.13846029608246924,-0.03334074188003566,-0.001000106485508967,0.3068366969934344,-0.0016509775084715406
2009-05-31,0.058453618459718415,0.13191790771721013,0.15939994594450568,-0.020773509081906782,-0.036949029650785725,0.023168269127189278,0.028553871415275323,0.10232612179073897,0.1626627251673689,0.02615828366534445,0.0005601759301432363
2009-06-30,-0.0006545609644559303,-0.01404911893303551,-0.022494695324908776,-0.0055716723962334624,0.007511491250401514,0.028914367383312545,0.03351799391756227,-0.052182918942994316,-0.026259031722788206,-0.03197029679701424,-0.0009425070688030557
2009-07-31,0.0746053090572294,0.10041451696885595,0.11014564678230565,0.00831637831914045,0.005760437033175414,0.04632626963737496,0.06919010669158343,0.023799058583926502,0.018567421000143636,0.10770704643054985,0.0011006289308175266
2009-08-31,0.03693949524275841,0.04503078331480159,-0.013135419309385776,0.007634509164300196,0.022307954257706486,0.013100439966227562,-0.016969123406603837,0.0005356513398515617,-0.04036448120708036,0.1432314524954441,0.004091514157505083
2009-09-30,0.03545730036299655,0.03796487563686135,0.10195389890662976,0.011243185443549297,0.024581507181086204,0.017589319110436152,0.05799090169333887,0.0583511441028417,-0.002261456999511968,0.06592799981054354,0.0023627322607422396
2009-10-31,-0.01922571130510431,-0.0252376790266734,-0.034438501453767256,-0.001378464611181518,-0.026160937960623243,-0.00497060754317058,-0.005428974800190223,0.03722812708124823,0.0693564308035175,-0.04463253724263849,0.001358761219082627
2009-11-30,0.061607134195390545,0.03921210724444446,0.0785200082526083,0.020172248012575444,0.012128704813233693,0.01952440871095562,0.016844244503092298,0.12786502259277088,0.045358153249503985,0.06565620165250663,0.005964282354963046
2009-12-31,0.019101418003903303,0.0070962094852038415,0.03275842272944862,-0.04402975663759001,-0.06345669137261734,-0.02067353598282462,0.03684685974074586,-0.07203391451937635,-0.0016219582907235353,0.0738686112676834,-0.008406759438153388
2010-01-31,-0.03634240692581758,-0.050651168010295344,-0.0775901916096956,0.02370252125472927,0.026922775375766594,0.012482443204789861,-0.018327726944732836,-0.012580360682460934,-0.07839155273788734,-0.05520852451803715,0.007955329270840972
2010-02-28,0.031194119117662567,0.002667386014529871,0.017763699113493958,0.003317887654763929,-0.0034245484777734037,0.005066430957776591,0.01873354982073816,0.03274821867388655,0.04142787499799905,0.055832045435515676,0.0016038943437055586
2010-03-31,0.060880138911729276,0.06385456972095227,0.08110877326799582,-0.010567526650069436,-0.020572975194534493,0.0065186975386939405,0.02133502170160484,-0.004386396377546897,-0.0046551176315132725,0.10186733403092085,-0.0026915929405589845
2010-04-30,0.015469891957770487,-0.028045881535610273,-0.0016619396449739643,0.016526772477009066,0.03321721159024227,0.01907831848833208,0.01924474661291531,0.05883436293398425,0.039115782308931646,0.07150203651680731,0.003001672130594102
2010-05-31,-0.07945456366768655,-0.11192794704326203,-0.09393549306224525,0.029333024033815658,0.051084541416233975,-0.013082773787037483,-0.04675542523203147,0.030513146883171416,-0.10147317019135793,-0.05334611527396027,0.004529437945997028
2010-06-30,-0.0517414749794759,-0.020619414322932128,-0.013986915986079373,0.03048241972960075,0.057977167268933316,0.03278510326299289,0.01111145650453138,0.023553189068376446,-0.017759605647560517,-0.052122609064085834,0.004189188119161802
2010-07-31,0.0683012874805271,0.11610431115001951,0.10932514593168485,0.00909688701834055,-0.009462882115784832,0.021107677662155044,0.0515322887867562,-0.050871157346167206,0.061196038641299966,0.09593427719118375,0.0019398660938148016
2010-08-31,-0.044980220482434885,-0.0379506300533794,-0.032367123312374235,0.03355938846715145,0.08390872372840974,0.028553521557352912,-0.009895289716248201,0.05706125282865315,-0.030143932789640893,-0.012757283535371533,0.002388800830879223
2010-09-30,0.08955446333705419,0.09971982241275223,0.11757347668390139,-3.0111431936097333e-05,-0.025203708611616582,0.004565407822641809,0.03657926087838037,0.04775558440048844,0.08603584089084237,0.04470713372709212,0.0011873439939793506
2010-10-31,0.038201930289578634,0.03805536474313409,0.030153952438523257,-7.091673960180067e-05,-0.04469293149177145,-0.002626419332426022,0.018372140742123122,0.03682269814892791,0.04437997668905225,0.047426782786023525,0.002194464389988049
2010-11-30,0.0,-0.04823727721303328,-0.029054508900047016,-0.008981205512956447,-0.01689289633148594,-0.016154647749020534,-0.012747443958750604,0.021112978094167678,-0.004368474268452993,-0.01851538787610396,-0.0020504028739434244
2010-12-31,0.06685221052938806,0.08308058612432045,0.07277781912692438,-0.0343095649263464,-0.036990904044483464,-0.00751959145741532,0.0279290494349822,0.024368653791006833,0.09892292789966617,0.045507574329821665,-0.0016370108540887385
2011-01-31,0.02330011709344859,0.02095532961778135,-0.038412874825275445,-0.00021308637659789298,-0.03081145704549304,0.00036868568500869614,0.0165031693419746,-0.06379762129208244,0.03557171066822118,0.032508473805536564,0.0013089332990354752
2011-02-28,0.03473758546782868,0.03549785515564885,-0.0004364829563275885,-0.0020844494528704516,0.01650212865208367,0.01079974269899231,0.01435422728938085,0.05998312803425154,0.04171033659491763,0.04705256080373266,-0.0012134432460942923
2011-03-31,0.00011986887426695958,-0.023883050448239684,0.06289577511115474,-0.0015462333602218603,0.0002928363265342071,-0.005404305032202461,0.0004237639049045061,0.01598138086384293,0.02658168071269884,-0.016106902798989742,-0.0012997056314697497
2011-04-30,0.028961610135666227,0.05625822329915553,0.02732691573418644,0.018413690461202892,0.02339158159577548,0.025043980867669458,0.015975280098213585,0.08944654978008071,0.04555872662723148,0.057465561784244557,0.005342223554261283
2011-05-31,-0.01121458330809344,-0.022060922380108927,-0.029400310743934566,0.025055010507625042,0.03422816499139181,0.012695033721294324,0.00133339419628542,-0.017916885312225905,-0.05172413061490988,0.013747365070678974,0.0036401912296259997
2011-06-30,-0.01687006233031807,-0.012107631336432223,-0.009354719825890534,-0.005044156791280896,-0.023230357321104678,-0.007972278516517273,-0.005706393130324949,-0.024325042799353547,-0.04264469496241796,-0.03299266017003688,-4.799993856008378e-05
2011-07-31,-0.020004528669964494,-0.023777895309637476,-0.010293906705949873,0.03169536710772758,0.044144294922704885,0.024302015644984243,0.0035491564388330232,0.08417803620638908,0.045580215945032254,0.015640527387327907,0.002860707769914095
2011-08-31,-0.05497546489225713,-0.08754888107192604,-0.09254933490831907,0.04651442221683699,0.09667590089800426,0.0034027890456196364,-0.027281927750833046,0.12274943937515781,-0.003963061297399317,-0.0561925814405112,0.003447766722704859
2011-09-30,-0.06942052753306927,-0.10808289247182046,-0.17894745802445022,0.02237061394780171,0.13206144870991676,0.0035115251291473193,-0.053014474939285905,-0.11062347246832638,-0.14622017542127386,-0.10841934010548637,-0.0010164209904403032
2011-10-31,0.10914715157191823,0.09627489679856205,0.1626780472294449,-0.012864676180469048,-0.03829243054483744,0.025095766708352896,0.08491725805528105,0.0587118747477946,0.07650494460238733,0.14291356662074484,0.0003440202825910621
2011-11-30,-0.004063819105581179,-0.02176420410443758,-0.019602916095349254,0.005797417722609666,0.019890873486451133,-0.031566134945232416,-0.024269417485688893,0.016672693952307194,-0.0028860659521535714,-0.03801188449444248,0.00044891449622075363
2011-12-31,0.010448117014872915,-0.02174961219845839,-0.04264844611218699,0.019877052600421274,0.03444905283587252,0.03488202504907023,0.04552059044497092,-0.10662433944055594,-0.02894354139454025,0.04850333057957257,0.0005203365134669458
2012-01-31,0.0463745127257722,0.05269531660832061,0.10991064450304933,0.008619799009043971,-0.0032995262867131503,0.02144783279707263,0.014648982920792974,0.11395480912860867,0.03688530756528685,0.06379322805100496,0.0008290759365787714
2012-02-29,0.04340590437252878,0.048331425300196074,0.052719152532718416,-0.010998050370939705,-0.025969818958106017,0.016329800949491213,0.021023218092514506,-0.029649780549572347,0.05353928905359928,-0.011507445213899792,-0.001407667347442798
2012-03-31,0.03216386141331706,0.004208082181144546,-0.031130360314195693,-0.01591268957313885,-0.04236003029954816,-0.01421201320822818,-0.009531653051115807,-0.013208340481005276,-0.017735453178059024,0.05200130239675538,-0.0007703910278972215
2012-04-30,-0.006676117042451746,-0.02076900337064047,-0.01699629485264187,0.025091490061047494,0.04834269812915659,0.010821517942950054,0.01136660362371722,-0.0014803247076433657,-0.01354154369697047,0.028594206505490938,0.0020177964727716713
2012-05-31,-0.0600556972630224,-0.11144164484981745,-0.10705844879640525,0.028696082122433353,0.09025405721356838,0.0075713609757561695,-0.03220811955082803,-0.06338034010471139,-0.11158039999326597,-0.045058661377754605,0.000567935770444894
2012-06-30,0.0405812990475245,0.07043284460276733,0.05035377159764165,-0.004143554068290367,-0.016781739453443745,0.008714721670078918,0.04656806924640722,0.02354575543588089,0.020205938646375987,0.05517053573015307,-0.0009709383058583709
2012-07-31,0.011829613475476064,0.0008008234311702722,-0.00025565808873984075,0.014011326687066061,0.03817174681628677,0.034830474081335216,0.010223300944950386,0.008376847936764742,0.0582524127239763,0.02002107003335385,0.002204794505412
2012-08-31,0.025052665810824992,0.0319998054653996,0.00409026540545554,-0.001173584502799696,-0.013188996981296053,-0.0005376749502714606,0.012445845396812594,0.04939609851235338,0.05651382217100975,-0.00014939653587897617,7.129811139483522e-05
2012-09-30,0.0253508273400751,0.027132146126916723,0.0521891442556186,-0.0034811737699519396,-0.025327734701732108,0.011000881626582526,0.005206045891277933,0.046705627280061,-0.0038207861801605736,-0.018632264663814513,0.0001658654128644521
2012-10-31,-0.018197934655171277,0.010943105456577173,-0.004355277182212625,-0.003960546513728902,-0.0048401566721040234,0.013461535345909326,0.00843988186779776,-0.029437416816341377,-0.03905159414088033,-0.009080930620057659,-0.0006864033171162243
2012-11-30,0.005659313852999226,0.02780924447583133,0.01555307147350038,0.009791293036851334,0.011591836985106463,-0.007233998463938018,0.004968083840631854,-0.004675410721908135,0.019593654150152018,-0.002640438406735557,0.00023683406934793538
2012-12-31,0.008934645614499637,0.043811204181881,0.0680356906892774,-0.009403377864328544,-0.02487685544060869,-0.0033056543738378963,0.01401395475855094,-0.02426979045607558,-0.011387908413087344,0.03722682905915553,0.00024931659042382037
2013-01-31,0.05119029924134444,0.03728473353991246,-0.0029309889096413855,-0.012931974400615331,-0.031853225703776245,-0.012976068368818927,0.0034275441858191424,-0.005061148639644464,0.024837977439998493,0.03738623951256681,0.00011807967748023174
2013-02-28,0.012758236428495273,-0.0128859692486184,-0.022840266805474352,0.011325483957491222,0.01238719578182157,0.010760050635532314,0.009327395581005371,-0.05086846838387371,-0.04706718786389874,0.012159515791167363,0.0006039817809460057
2013-03-31,0.037971536942891015,0.013054185076074587,-0.010182616753722673,0.0028681593632300384,-0.004194785409179169,-0.00046699776207470567,0.008723261581733643,0.009477104236877087,0.006634763763875284,0.02872159604740343,0.00033172663264924296
2013-04-30,0.019212730009208645,0.050186150253441086,0.01215764829654331,0.015252563316922707,0.0468492326549661,0.02173485768191008,0.021180354595677464,-0.0756231330952718,-0.038081216611031254,0.06734770060497297,0.0006866007093195847
2013-05-31,0.023609590376334255,-0.03019034084387706,-0.04827914368613506,-0.031050143118485973,-0.06760997168777994,-0.03217599479572275,-0.025811614184752196,-0.06198785346133606,-0.01560710087750583,-0.05977759403006755,-0.0013373996838508262
2013-06-30,-0.013344695256299888,-0.026779033330345703,-0.053257541832392064,-0.02546207220208585,-0.03271201523598566,-0.032675538100912616,-0.016886365691559768,-0.11058839427335088,-0.028228963304572363,-0.019818668401959783,-0.0009846464077802874
2013-07-31,0.05167643007718836,0.05322824926591929,0.013246902826322682,-0.0035266145897069334,-0.02257962988713902,0.01106092389826907,0.028538998247454428,0.0743010530498811,0.03183443886910986,0.009021942031353314,0.0016274269598079982
2013-08-31,-0.02999204305592107,-0.019552453092640976,-0.025378012027914565,-0.01422479576442115,-0.013404213187917957,-0.009983463328145037,-0.012719583164440107,0.052047484216675155,0.028152584776933498,-0.0698004923486446,-0.0009726111405847782
2013-09-30,0.03164619867882701,0.07824892128524152,0.07206722042498281,0.01846164492117386,0.0065174229207516365,0.007418611495923599,0.007813116211552007,-0.047838379698351585,-0.03375831569084775,0.034818860507707106,0.002230375682156449
2013-10-31,0.04630707386931476,0.032602040182012626,0.04170742545665629,0.00777804882904376,0.014304470276064851,0.01808204969928684,0.025182259438713217,-0.003432632525769086,-0.00038824009965854334,0.0452069897837446,0.000686417213695556
2013-11-30,0.029637780162530936,0.005464498693113828,-0.002590618065547945,-0.008763715695160212,-0.02703306248887216,-0.0013939051348462739,0.004732428275477485,-0.055111954229365545,-0.009320329963161122,-0.05251046904015644,0.0009353509775655855
2013-12-31,0.025925995106188315,0.0217614038209748,-0.004066217388811966,-0.020906019730015823,-0.018696745537145065,0.0021490196208011625,0.0040668538692738565,-0.03794527189279151,0.005880054077960883,0.00101886452727884,-0.00177385614094705
2014-01-31,-0.03524776040461475,-0.05201195459714192,-0.08636342022968879,0.030632822534814252,0.06302823147784431,0.018828408771025318,0.003983469969719877,0.03418871423877423,-0.03039766510369779,0.042750772738903375,0.00201478409254241
2014-02-28,0.04551570400274785,0.06131123618087342,0.033778500222328756,0.0035751429993333694,0.005240695627124703,0.011448668593184275,0.023084941970679562,0.0627030280482701,0.0502411651370025,0.05065373630209313,0.00038999747320866973
2014-03-31,0.008295256350062896,-0.004591888117318588,0.03875338021643482,-0.005610893645618176,0.007321885696092378,-0.000289966189942259,-0.0008153644630293222,-0.031421423365686874,-0.000382483664148614,0.00496908377069416,-0.0010879796135014885
2014-04-30,0.0069514854164620665,0.016666491947604722,0.007803362433252303,0.007583070350901888,0.020951966891213036,0.013292704955039314,0.004204951858974626,0.0049348807324614,0.011102489219853018,0.032851809445350044,0.0010773416174534312
2014-05-31,0.023206981123942594,0.015954364305732716,0.029518514208570323,0.018254395573791715,0.029495323424691966,0.015143561898576463,0.012064062085660465,-0.03051039187154414,-0.014388398868097396,0.02399274841213095,0.001787694732824141
2014-06-30,0.020644558599333562,0.00920767612923079,0.02401770394707259,-0.002168439247713927,-0.0025132081557561747,6.71878865003972e-05,0.006119162690091606,0.06319017654797743,0.021129288063629792,0.01134113255374114,-0.000791654946992626
2014-07-31,-0.013437831732710626,-0.026035092495338197,0.013647912039116639,-0.00220517759426464,0.006641395163620389,-0.0031953423158118666,-0.02431829722506651,-0.03631673024297155,-0.047403939241828286,0.0008016086020556923,-0.0007686851088019031
2014-08-31,0.039463467202078606,0.001802015971850368,0.028297642425180847,0.018803410894764783,0.04723801185000531,0.020040638218223217,0.023802461160403077,0.0038090706137288155,-0.011453546821612925,0.030440641653683986,0.001859029034114723
2014-09-30,-0.013796229713104347,-0.038824383019050446,-0.07767437432367241,-0.010495786358997172,-0.02112291780976816,-0.016816405385296385,-0.019828183352547657,-0.061763293138879294,-0.07231318325933944,-0.06040572703995639,-0.0007332702094606791
2014-10-31,0.023550753598161167,-0.002651409700239249,0.014196445103309197,0.015363204339681635,0.02818511011959246,0.012342809325678106,0.010606182646383466,-0.03054810644807593,-0.03875964322555181,0.09937354279233168,0.002604435273046324
2014-11-30,0.02747232908804853,0.00062535782211115,-0.015420962481368261,0.012886522218141794,0.029674358006804846,0.009116692900556167,-0.010811452683670453,-0.00488197260677703,-0.08512541995160006,0.02000290889572942,0.0010508538228928277
2014-12-31,-0.002536738673265093,-0.039927502829135486,-0.0396355147989047,0.0012950247714160756,0.03251299949589859,-0.0001714613812513477,-0.008030097316559237,0.013112132840068735,-0.09647398992091893,0.019039217748991977,-0.0029263089207079984
2015-01-31,-0.029629016068712155,0.006245918497752134,-0.006871733835375982,0.04302231255967115,0.09815814744226703,0.037517917978080684,0.007030191328961433,0.08689905756357286,-0.056910635215919436,0.068518565049424,0.006275183205929569
2015-02-28,0.05620428940648203,0.06337791485796185,0.04407970949120066,-0.024717701461618002,-0.061383701213461817,-0.014204156447353844,0.022311877999138918,-0.059052194948123304,0.044252919427868465,-0.036742226869836414,-0.0029070926984682277
2015-03-31,-0.01570537066789679,-0.014285818534452654,-0.014972860278059663,0.008561015397980487,0.010921930272244085,0.0019507009741028813,-0.009478148993088076,-0.021522037888980217,-0.06053940179442163,0.01731920945311538,0.002492029837425136
2015-04-30,0.009833655852435452,0.03646572236739298,0.06852740170921501,-0.006330151213944091,-0.03425150529999321,-0.011871342529701123,0.008713521839461391,-0.0016716737223684275,0.07147042983218377,-0.058474865809654664,0.0003179145161469332
2015-05-31,0.012856357311751276,0.0019544830135689306,-0.04104473626621097,-0.0041634695731567195,-0.02372501886127132,-0.011203673943702586,0.0035541466817956557,0.005552104050766671,-0.031711426542693655,-0.0030231064681787156,0.0004122955802376982
2015-06-30,-0.020312042260348995,-0.031182212280661425,-0.029308715627582527,-0.016308756565343363,-0.040719692412411135,-0.018830918299816646,-0.018870646557061388,-0.015162101232906067,0.01637508302541435,-0.04668630406084129,0.00031867663809737046
2015-07-31,0.022589059700360847,0.020317927454158724,-0.06309952525933449,0.015183918534657614,0.04545937820149493,0.008319715429424335,-0.004920938708829592,-0.06620986259282235,-0.1261111902469001,0.05770489621972019,0.00044777195631295896
2015-08-31,-0.06095023870698968,-0.0742511196755763,-0.08836218100008164,0.0007905266480836559,-0.006894793096434704,-0.008274523348101637,-0.015232976995589786,0.03707232801234017,-0.0025428957688107268,-0.06291090989159231,-0.0004952536444796651
2015-09-30,-0.025515916071883527,-0.04418858423849481,-0.03132374809120497,0.01579200461935404,0.019668909848993055,0.01189777393861191,-0.029898018348962108,-0.01801138660144541,-0.03441682641622079,0.03059712547068405,0.002950797839593289
2015-10-31,0.08505965461665244,0.06611986218440591,0.06375836599274498,-0.006369257481796509,-0.004088037844092063,0.005736600852544571,0.03230722786206086,0.022833636790845047,0.003300383848505506,0.057585390393422475,-0.001413197936455779
2015-11-30,0.003655110578230536,-0.0075274048911058156,-0.025236566152706752,-0.004276865406620423,-0.008676357354030162,-0.0015424257561766908,-0.02496050306890718,-0.06752062833262462,-0.06644739454177162,-0.006258694805388321,-0.002582749934036399
2015-12-31,-0.01728249189928066,-0.02331887322410353,-0.03819836909197094,-0.004530333979990586,-0.0029726159095790905,-0.010809748652644613,-0.019922304279814895,-0.004513334897339405,-0.05849192584069618,0.018310148760664946,-0.0014902754030271526
2016-01-31,-0.049786198828669415,-0.05517709201781529,-0.050326083820961154,0.03333614137685048,0.05573104209103685,0.0012272694311070698,-0.01600925942997411,0.054109973519699484,-0.04341315570436777,-0.03436623061788968,0.006519237535397293
2016-02-29,-0.0008263180481112853,-0.03334546159762708,-0.00817788100375838,0.014860402082295554,0.03085986122034501,0.010517578754227097,0.01496883020285833,0.10930343875618376,-0.002347403129570713,-0.00363717279394149,0.0011200716106669617
2016-03-31,0.0672661704098576,0.06582129897134492,0.1296171522429297,-0.0006615659077512381,-0.0009330493804531326,0.036145555525268325,0.02546994377355416,-0.008428860461434318,0.042352852079449166,0.10465428650874409,0.0013774552642917826
2016-04-30,0.003940982009487559,0.022218369304996655,0.004087603561336639,-0.0015609675886921748,-0.007365568967326652,0.015545816807095436,0.031225831982556462,0.051088083708025867,0.09706562522863904,-0.023508245751232004,0.00036470950569689187
2016-05-31,0.01701156597073994,-0.0008557254168501949,-0.03692931725534032,-0.0009921543753745876,0.008054395458249264,-0.005124473827965437,0.0017011424416879528,-0.061382967032933,0.008916189796531526,0.02248579852147281,-0.0011889319212536886
2016-06-30,0.0034759786696172412,-0.02419377939971412,0.04559104513964707,0.030875532729772726,0.06934131110846664,0.03094318102051785,0.017931014093371944,0.08969501879279118,0.043508007670873816,0.06928413605518924,0.006025748175469081
2016-07-31,0.0364709727582917,0.03977050454657993,0.05384164613227482,0.002465016475317494,0.021025149351794337,0.012915446874461889,0.01313124843507274,0.01984656031160892,-0.06970690913826139,0.042629944843471046,-0.0004692483000254821
2016-08-31,0.0011979273560787096,0.005341153542875121,0.008837383120985809,-0.010113882787576745,-0.010133989124079701,0.0018032415278250724,0.019675936316456477,-0.03256316550912575,0.007703032553142641,-0.037641605138341694,-0.002336313368705323
2016-09-30,5.794657555879823e-05,0.013367574379874236,0.025184956297167105,0.002373992727476848,-0.015084270942108069,-0.0031560626645315004,0.010784834157585355,0.006892135107908315,0.04308551938708827,-0.018325993883753444,0.0012954575904291499
2016-10-31,-0.017337103943722232,-0.022154573382553,-0.00827792960668794,-0.014946827724489742,-0.04380630468841684,-0.01528611306234029,-0.009830577600781654,-0.0294491958469959,-0.003331091563195998,-0.05741276249227567,-0.00048285873359388276
2016-11-30,0.036838471808046336,-0.01781371512095198,-0.044157295101618144,-0.042272453878827054,-0.08213737991780623,-0.031675045787716294,0.00018643145650143467,-0.0835657063915729,0.016711274905889972,-0.016756481410669655,-0.004699455966443167
2016-12-31,0.020271626353961514,0.027062568906482953,-0.002526810342819763,-0.0011846612553537694,-0.004626117734708779,0.008391811869595589,0.018389269344127213,-0.019149882681417818,0.04142007665374425,0.048170909642946125,0.0007234991513389577
2017-01-31,0.017894688654318314,0.03291182987398633,0.06655253761455149,0.002194453661455764,0.00814236856639683,0.00145138592601457,0.00912723289354167,0.05419215772584596,-0.005681924597690902,-0.0019384885990394451,0.0010657967528007184
2017-02-28,0.03929163226004295,0.011906681769737304,0.01740789124374742,0.007235545174785196,0.015846082760037072,0.013208824693125676,0.0153178108458345,0.03184768678480632,-0.0019046784155974938,0.0350856986722734,0.00036669742405748273
2017-03-31,0.0012500685721583693,0.03231709667083993,0.036851668747038824,0.0008057998209154427,-0.006551174981697883,-0.002950708008852443,-0.0014332209625953496,-0.00427746474772539,-0.032442686741866344,-0.024236886605479402,0.0006391551791800065
2017-04-30,0.009926406262036558,0.02424124339360434,0.01700950539904289,0.01108808246496329,0.015732289738011218,0.011888379688626438,0.008157407028436037,0.01726748147982482,-0.026956000596569774,0.0024221535161055296,0.0018708742800537248
2017-05-31,0.01411272649491413,0.03542328578894027,0.028457199163894664,0.008267308641283666,0.018878366665078028,0.013331798343079626,0.010314004802915555,-0.0012419798017190287,-0.014189099427200147,-0.007247591239420981,0.0007330395997791062
2017-06-30,0.006374958857832125,0.0029602297596387217,0.009266162095871833,-0.005095485506588782,0.007918947652093111,0.004802502143091081,0.0013256304004554131,-0.02155534773928125,-0.009595783802188729,0.022326449275458238,-0.0007809208308036109
2017-07-31,0.020554258217136967,0.026533908497551106,0.058226771305365466,0.003748585795763981,-0.006583355011187009,0.007654385404820774,0.010191719557350432,0.02313170169958645,0.04083050709191749,0.012375154387405995,0.0018601425679067862
2017-08-31,0.002917470491418106,-0.0004483102665105987,0.023516161435792604,0.014575928444994002,0.03408716859444261,0.006772231292878184,0.0006548808312414334,0.04198757511241591,0.003989411570231249,-0.002610897744496743,0.002023186010833067
2017-09-30,0.020149344288219462,0.023617461963155506,-0.0004464251911594497,-0.014415990945115698,-0.023229059759816928,-0.0004945833251404075,0.006007310159999557,-0.03369891808976033,0.019867498217385204,-0.0011408512000147253,-0.0018666687296050588
2017-10-31,0.023564338965596177,0.01679304670394899,0.03280532222084909,-0.001889664880349251,-0.00038546258096716635,0.0019269944770832215,0.0008483337395814861,-0.007484813689786485,0.03961043308375678,-0.010710858574454973,-0.0009133566539293314
2017-11-30,0.03056566783460446,0.006893483510150622,-0.003889432841699181,-0.0027924003165049616,0.007431779869870869,-0.001233661995476587,-0.0036780081027699696,0.003563440057185785,0.009369084873445788,0.026642279147440773,-0.002160866260767169
2017-12-31,0.012127850660341943,0.013488745906382826,0.0376157158744963,0.0018472319697817596,0.0181255584931872,0.012204370538569487,0.0024580622576504396,0.021057003170010358,0.027846569123261222,-0.001474143303202391,-0.00020246215441410698
2018-01-31,0.056359245748209386,0.050206074117016275,0.08297960490642509,-0.021502207778526072,-0.03255484892370386,-0.01225720937980146,0.0004577852675793359,0.03234937283169237,0.02950025052873184,-0.042540856327271115,-0.002862643282754651
2018-02-28,-0.036360407163057884,-0.04834786296285987,-0.05898471370739722,-0.009327771271016805,-0.030414815888486935,-0.022371796479024875,-0.00867315055194251,-0.020759902030566435,-0.029239780741059374,-0.07677747240894939,-0.0010055374303756803
2018-03-31,-0.02741063940736188,-0.008395921368557602,0.005414091327104575,0.011557175122066443,0.028596354860365603,0.00556802360325559,-0.002318312453965521,0.006320007324218668,0.022891694966944875,0.03890732297902577,0.0024722308315527908
2018-04-30,0.005168519876668665,0.015212262086769401,-0.028168952617034337,-0.01276497526947018,-0.020881453573528663,-0.015659611546672947,0.004794816973226146,-0.009539745360543916,0.034157814199634595,0.008215081416274694,-0.002348453566412889
2018-05-31,0.02430901378776995,-0.018942467944820907,-0.026214784947758862,0.009860940137532026,0.02004436245123009,0.005213734544005977,0.0005042793900504883,-0.011959209467577336,0.026765269875664854,0.03679868030700506,0.0035230025783536956
2018-06-30,0.005750838181940443,-0.015841142690857124,-0.045456946939459675,0.001974952500513494,0.006457273545538378,-0.004872703275145107,0.000988447931780545,-0.03614944763120931,-0.019411969510178873,0.042021882929387466,0.0004320511397812865
2018-07-31,0.03704666162400261,0.028520176858150892,0.03531044237853842,-0.005277705406621203,-0.014367812014221215,0.013438226223683847,0.01677692095951122,-0.022418909632539785,-0.024321367002224314,0.006016058692910553,-0.0006010407015915042
2018-08-31,0.03191979805434286,-0.02235767141599665,-0.03767270311801918,0.010139508301955313,0.013119921678317326,0.0001997425579267631,0.007078702422830485,-0.021381117106768044,0.0075361845738433075,0.025750355074832143,0.0034681698397414085
2018-09-30,0.0059453875580532944,0.009652582183541814,-0.00579119178461851,-0.01204996013761539,-0.028642902741871312,-0.0014073699911122395,0.00524485156016552,-0.006607347245927042,0.03394711369150505,-0.02664355601656665,-0.0014304497449298959
2018-10-31,-0.06910431664543115,-0.08133543710122926,-0.08760480719335884,-0.003031002296772556,-0.029305530111153444,-0.020492676041674485,-0.01976710490839595,0.02119545356837582,-0.056204872350248736,-0.02925142677352266,0.0015315633591261868
2018-11-30,0.01854946586408479,0.00496307577201871,0.04903003823415619,0.013301314618848314,0.017872380474075467,-0.0035849300701991105,-0.0039917533546431905,0.003386881324189961,-0.09846690415043224,0.046731525368893134,0.0038098975016713776
2018-12-31,-0.08804859105182217,-0.05349751849637341,-0.03488905503164219,0.0280427684288298,0.0585352475181391,0.018594599603465767,-0.02088794910970848,0.04942010593064916,-0.04001255655799807,-0.07951916740912202,0.007598052784170806
2019-01-31,0.08006589038922174,0.06634909175655479,0.10343019557401667,0.0065257158446818675,0.0037852872012547056,0.03368169402820942,0.049445055005677974,0.028865979381443196,0.07108359597559644,0.118546444682045,0.0025117868864863446
2019-02-28,0.03241552836829076,0.02536690729181834,-0.015313123882265134,-0.005254992086106469,-0.01376374394397839,-0.0020381756264383766,0.01214621639463731,-0.006092201492829519,0.028350448706795373,0.006953541149205877,0.0008602876677064053
2019-03-31,0.018100509929237063,0.009180199163717706,0.01131018180465948,0.02655114110746637,0.05571639701899067,0.02928977985729797,0.01290849796739213,-0.01596899557748599,-0.0037594533170748345,0.04216449684297974,0.006268139667654937
2019-04-30,0.04085267177092211,0.029293838224978774,0.023532008516411906,-0.005184997011306036,-0.01991096073196219,0.0043638745607108564,0.00986110107785998,-0.006638842503124187,0.01194969703094606,-0.0016109270486068805,0.0018346462156157983
2019-05-31,-0.06377133759370845,-0.050329798624175415,-0.07329859336075928,0.030485698198429168,0.06839223461043686,0.016505432113644414,-0.019335583430179493,0.0175742981554865,-0.059664360763214686,0.0013833175119737362,0.007217793432680919
2019-06-30,0.06958641134684207,0.05911676028953061,0.0620776210347973,0.0121711240455471,0.009502024091402772,0.032467290095060886,0.03154495837678262,0.08002914919848991,0.03965630203945736,0.015543000460926937,0.00460998325395412
2019-07-31,0.015119428678139979,-0.019473784563680874,-0.026567257596288973,0.0003826510114548487,0.0025641207809778965,0.002540379543131799,0.0015675837430770834,7.514839229982861e-05,-0.011443057122618727,0.017047965435308177,-0.0006382513347700236
2019-08-31,-0.016743391768640037,-0.019239797354328125,-0.03782625957129093,0.039516819672622994,0.11049152959899122,0.038860277440528,0.006896139178287797,0.0791231345612986,-0.04630235211932776,0.037462271566645944,0.007817873713105383
2019-09-30,0.019457642804254993,0.0316406045823443,0.016919823366379205,-0.011860862818932949,-0.026799303942409813,-0.007559084914907865,0.004390188431284914,-0.0339478600543478,0.01416046793279202,0.01927060038875994,-0.001341648840666898
2019-10-31,0.02210487774154024,0.03389045042510341,0.04183995967474141,0.0018784995461935683,-0.011131862848272056,0.004451490684360904,-0.00011535146757923886,0.02563546974700759,0.019282000600759908,0.011260131727400813,0.0031286383172897114
2019-11-30,0.03619840419729581,0.011272583666594338,-0.0009393264499552023,-0.006871704971911696,-0.004070892498224898,0.0047502300125747965,0.0056798488853184725,-0.03208588289288572,-0.0013046020636829914,-0.013043591437211455,-0.00047150607569701464
2019-12-31,0.029055350123284418,0.029954106056227392,0.0773026140316635,-0.009280814464383447,-0.031975331494415116,0.005273734276970199,0.019112632414550523,0.03655877893383952,0.05849153628454795,0.007689818152014194,0.001550189151520387
2020-01-31,-0.00040411711822474494,-0.028225806716580037,-0.06151094168216231,0.03465841848584983,0.07691166789662929,0.024460445055046742,-0.004661922052344947,0.04499655849690343,-0.08589342364861041,0.012285918488179615,0.0057900117859222
2020-02-29,-0.07916549032633069,-0.0776525461080545,-0.03775814822692625,0.029616622928773984,0.06626518670993264,0.010913907214853191,-0.012895475864890149,-0.006361728631845698,-0.06652944821856566,-0.07026514813999507,0.008766029044796397
2020-03-31,-0.12487133226506608,-0.14106686952018377,-0.15769995105995194,0.03722695610007665,0.06376613946413734,-0.0631186228569166,-0.10027998699461871,-0.002224031676743232,-0.17340185409011855,-0.19391821753768468,0.012441155964671768
2020-04-30,0.12698366800004401,0.05817429584557576,0.0735423768642347,0.002752449763799625,0.01218933893892915,0.04845734330410556,0.04883618017577862,0.07261060302877431,-0.03111120333777362,0.08962071948410766,0.00272607490648058
2020-05-31,0.04764534496002315,0.054269100283445226,0.029748743838088787,0.0032748943178328993,-0.017618789380323574,0.02460265034877107,0.02946491288296893,0.02588161543682088,0.08073393628277592,0.017343537830942335,-0.0007841753098105642
2020-06-30,0.017734419096729015,0.035111775520286104,0.06604918307817242,0.00042683901390150325,0.0033666605517179704,0.021275579272750145,-0.005834449912586859,0.02737702630176453,0.04499159854635315,0.02424912667954482,0.00023129819663481044
2020-07-31,0.058892169030945185,0.01938558134237134,0.08252055881772535,0.008541362537762609,0.04435095428506286,0.031001449441323325,0.050604546527373895,0.10790463097013703,0.051177754138370446,0.03641908771358926,0.0009358311142799725
2020-08-31,0.0697964897931087,0.04721998049516163,0.028875084645098914,-0.009698608546171994,-0.05046530653301817,-0.017783076766413664,-0.00022318018813205498,-0.0032356731296194763,0.04636789979782363,0.0044235026978916014,-0.0002313324913627568
2020-09-30,-0.03744348683629706,-0.02046773584019912,-0.010103207452804908,0.0032777939679231594,0.007734646362957065,-0.004397537501625304,-0.009316398476435284,-0.0417140433776253,-0.03545045505195332,-0.0266433939212386,-1.1756801639117853e-05
2020-10-31,-0.02493362927118714,-0.03550670870221717,0.014062061767053491,-0.013807700236167841,-0.03385233628492568,-0.005103971024241205,0.004033486842382583,-0.0051942084141127776,-0.03139361968173937,-0.030015383972986087,-0.0004623720659974184
2020-11-30,0.10877688374900485,0.14269422313640323,0.08991275190801296,0.003383534320678061,0.01663906588155184,0.03771553520553428,0.03351290138874963,-0.05408625961608993,0.10197624609326694,0.09674930918424529,0.00022034179646612806
2020-12-31,0.03704836936873379,0.05015416772358017,0.07129440768012918,-0.002384835473585034,-0.012276107150680726,0.0015070448398202263,0.019578759037206073,0.07013861264675048,0.05451941891994716,0.02734027556911589,0.00040510439649787955
2021-01-31,-0.010190395550221165,-0.00781267463135249,0.03174013702430778,-0.010920945563181461,-0.03632808560057865,-0.0183166151673243,-0.0037797999363705648,-0.03223816988295236,0.033333345759677835,0.00035352828111467893,0.0002311483849000151
2021-02-28,0.02780538594984394,0.022378877566000543,0.00787845383483865,-0.023633245922371926,-0.05733004905190142,-0.022632982630897858,-0.0024466187199972955,-0.06256881416817583,0.10138242197883263,0.03425116574474729,-0.0005786998927399534
2021-03-31,0.04539921800051894,0.02513182429800831,-0.007258595296570025,-0.023856788864484946,-0.05245242135829342,-0.014779864874845505,0.012156266283240402,-0.011433105943016053,-0.007172632953167057,0.05152047926715242,-0.000556124982754147
2021-04-30,0.052910488244440446,0.02952408561445674,0.011998339535962188,0.010012210946203082,0.024951127423842756,0.010431443817476849,0.006375597446499182,0.035633887903232075,0.07826613169026508,0.0785978746316216,0.0005679972306078529
2021-05-31,0.006566253466153471,0.03482257897608987,0.01648758949622886,0.00424885316359469,2.1623535552572903e-05,0.0062265212248058255,0.00039022752661033167,0.07678377966625938,0.0385258991864057,0.00807432342420178,0.0006030530969549641
2021-06-30,0.022427383984500393,-0.010780172183305736,0.009504189989418821,0.010225548773477477,0.04419121429270412,0.022114094536342055,0.013246591816796327,-0.07147662098325525,0.03494613201492358,0.026375050758039142,-0.0017155734436443693
2021-07-31,0.024412313555619125,0.007733435545248746,-0.06436994861712975,0.01990251976296653,0.03716646814762581,0.014190402081947218,0.0010487190107986155,0.025297363508325565,0.012987045521444474,0.04420867739704559,0.0016608790623087177
2021-08-31,0.029760044918468287,0.014467248311829994,0.015697656961059847,-0.003944474419621979,-0.0034020439649037337,-0.003439862060410359,0.006087560663412983,-0.0007655451490135023,-0.01641015310777172,0.02154492933124552,-0.0003246140092221239
2021-09-30,-0.04660551935594226,-0.03261392163143306,-0.03873286695062261,-0.0159706281712928,-0.029069834653694393,-0.015073930606174901,-0.0037012380511446397,-0.03223525924924131,0.05213753826869394,-0.05681472684286015,-0.0010091233589203386
2021-10-31,0.0701635218527159,0.031790704965731775,0.010718355700942261,-0.0044298360618511,0.024650500471244063,0.005309480571632497,-0.003107906627363044,0.014797178527087285,0.05797826545533469,0.07133048758944094,-0.003354765429684048
2021-11-30,-0.008034840829721168,-0.04534730055385161,-0.04084832832696905,0.010921607975429737,0.02771415781479547,-0.0011856783113329827,-0.011689928282851647,-0.006900653696985448,-0.08758777782021476,-0.02109326165222447,-0.0005710531043759959
2021-12-31,0.04624781769074526,0.04390932397089253,0.015070655001851785,-0.005240612688921287,-0.020137987439671656,-0.0003418161971802114,0.022841066603393134,0.032990977123064535,0.06673502247651109,0.09705607928825977,-0.002123066565699161
2022-01-31,-0.05274126787683442,-0.03634984249139572,-0.00020465007678038827,-0.021130122389331985,-0.0391388665188126,-0.0359189008385804,-0.026548488665485204,-0.016787612677039987,0.07892206834336601,-0.08421708887467161,-0.006896963511099807
2022-02-28,-0.02951692260036376,-0.03429162725714752,-0.04320223316610938,-0.003041105425610091,-0.01633000260491857,-0.021314609904568238,-0.008590878704408222,0.061217257237826006,0.06467447570015405,-0.03482651634270273,-0.004321409605642423
2022-03-31,0.037590331095160856,0.005189740883946081,-0.03381135719018524,-0.040609209110230804,-0.05444387684399821,-0.02893759838665777,-0.012871420026960179,0.012725579950304322,0.09174683210457268,0.06263917607062175,-0.014017824333084183
2022-04-30,-0.08776907143821644,-0.06739124449097245,-0.06135093050828633,-0.04228283972150215,-0.09423841367604935,-0.06699245645328544,-0.04180269351535737,-0.020702963524693585,0.056408353280234635,-0.04087861193935416,-0.004968762291175044
2022-05-31,0.002257283687025824,0.01995902976256403,0.006134811637227067,0.00618409126521513,-0.022533073621847532,0.018638582372054735,0.01629932025644698,-0.03261547766106776,0.04613143793594299,-0.04685394671958565,0.005961840642677352
2022-06-30,-0.08246041097082268,-0.08766629205123877,-0.051576622806078776,-0.008634330060551365,-0.012745693667986946,-0.03622759090333205,-0.07049865674062006,-0.01565965107712486,-0.0750000589863048,-0.0744890700029106,-0.005943869440074967
2022-07-31,0.09208741594072722,0.05168834149585022,-0.003491339925325021,0.029614566937208098,0.024309983202012164,0.044443608232455745,0.0669888566153225,-0.0258815174913124,-0.019894852765236948,0.08615975540905718,0.004098817301244839
2022-08-31,-0.04080183557831285,-0.06116862566027337,-0.013263187445959335,-0.0385385512378269,-0.045530690551084385,-0.044291223605623764,-0.043088853875496325,-0.02943328245830701,-0.014936795725325469,-0.06012530611233391,-0.00810025267708403
2022-09-30,-0.09244596097209312,-0.09222051997022362,-0.11539424007662524,-0.047349381910132604,-0.08235094121531583,-0.0597983321514981,-0.0374034194018209,-0.028881810636775418,-0.07037314746839374,-0.1287130649472057,-0.011923175980989797
2022-10-31,0.08127548619403058,0.058918213968206734,-0.01978236481375195,-0.014540241636241236,-0.0596444653709457,-0.007452714265754001,0.033657242692016975,-0.017844407703562548,0.05060639108924869,0.03505074612674797,-0.0012577465168205348
2022-11-30,0.05559149759852611,0.13168099260502197,0.15589355281796102,0.03612251432748903,0.07151053903885862,0.06647694908443191,0.03431322939615988,0.0849186596373046,0.014729292797607485,0.061460438548545326,0.006937771691656325
2022-12-31,-0.05762818548695192,-0.018129028681769355,-0.02637491679354287,-0.014881087571023355,-0.02620048556871235,-0.015511229617474864,-0.017569549496222026,0.02930648566594085,-0.027115187951924136,-0.05034351690961392,0.0011771921336392044
2023-01-31,0.06288744700021387,0.09003648329390068,0.09129291665474448,0.0358113468174972,0.07643637727154995,0.05159828590966309,0.03667028594222277,0.05759257431981046,0.008924982100713352,0.10402546352670217,0.0077612034123384355
2023-02-28,-0.025142655042130646,-0.030747732184824517,-0.0756770344353811,-0.032707464036339506,-0.048505350692631066,-0.04169101846156309,-0.018851956684099447,-0.05367596391642193,-0.044632110101468614,-0.05864263815109927,-0.008058737820907047
2023-03-31,0.03707753537420855,0.031290449867503956,0.0321735964922083,0.03721064910153227,0.048393747316764824,0.038485027028973606,0.019843292858243267,0.07916128247166143,-0.0008417372561951852,-0.02155453030274279,0.016479138488222134
2023-04-30,0.015975005168782808,0.029362638674431008,-0.008362673582158586,0.008147343105679328,0.0033832667428177476,0.006039887192506033,0.002021356305435429,0.008623522653246951,-0.007582200931766425,0.0031308268670893202,0.002439624135903262
2023-05-31,0.004616233643151002,-0.04007074053270676,-0.02402265648980617,-0.01438344716379425,-0.03015306645817928,-0.01768900574375032,-0.012314353206556383,-0.013419890078922081,-0.064091620521748,-0.03961594837070259,-0.0037683834835801067
2023-06-30,0.06479979732844532,0.04470051617306603,0.04398862181117824,-0.012552395400107552,0.0021710511159700463,0.008100570933970541,0.01780157478368727,-0.02221370606110007,0.029478426456255757,0.056294684066972245,-0.004946478205881899
2023-07-31,0.0327332535032574,0.027034452930263297,0.060414574329500814,-0.006516454822645512,-0.025442464512231977,0.0005383145653772292,0.011156037172867395,0.022886642358626696,0.08722470283873629,0.020344718139960305,0.003042268060318376
2023-08-31,-0.01625200729296028,-0.03935003815625604,-0.06626942360309351,-0.007309093372569686,-0.03142075091491847,-0.012290499644054598,0.0018367440677777847,-0.012777635059315395,-0.0036467509820943267,-0.03377918399928237,0.004103291345637805
2023-09-30,-0.047434519013313525,-0.03648808596791775,-0.031146163543216088,-0.0313884431687238,-0.07951140406184432,-0.035572870197287165,-0.016135404371887985,-0.047605861131121974,0.015046835118443846,-0.0726375835401375,-0.0007896970791754221
2023-10-31,-0.021708561855558473,-0.029019193292288414,-0.03293821452149437,-0.01927703142539161,-0.054631615455531746,-0.024119010689153897,-0.01043153431478816,0.07372411557093383,-0.0180288605279334,-0.03621481912713065,0.003330990131487077
2023-11-30,0.09134380514453877,0.08218768205461902,0.0779292230977251,0.045544378537633934,0.0992383050144281,0.07574409044389063,0.04887637395800315,0.02531372564947021,-0.02447976477294167,0.1208176140277415,0.010519608436392103
2023-12-31,0.045655422185430394,0.05350991687181428,0.03565332227768825,0.037722757532704376,0.08685775747447488,0.048753044830601056,0.03192580467127071,0.012821182352028115,-0.03291286635868074,0.09445333480844798,0.01103375801837192
2024-01-31,0.01592636566957739,-0.004512309834315387,-0.045262459952417955,0.0007261000016878238,-0.022451534848761834,-0.00442787671083511,0.001162592304437382,-0.014228180398366375,0.013157883578200025,-0.05058849899117013,0.0031694914908668714
2024-02-29,0.05218695999735057,0.029862781788853043,0.04167759876346255,-0.020826086106653485,-0.02252204901725008,-0.01932010834593667,0.0030356356287437603,0.004563548019519192,-0.015226185311103313,0.019787896301459496,-0.0038754943701830857
2024-03-31,0.03270192457891263,0.03378641051195608,0.027256885416951038,0.0073318814727008075,0.007828962059962086,0.015410130953867673,0.010898227331936239,0.08668323846462633,0.04456566281223617,0.01951048194375149,0.003435684312047993
2024-04-30,-0.04031965128950232,-0.03243187033578898,-0.0021909331008802546,-0.0312977514247057,-0.06455454471046862,-0.0324306836552406,-0.013512812453955081,0.02989497307015121,0.016107970298457452,-0.07944030986054074,-0.00441699813299834
2024-05-31,0.05057965848461543,0.05060185128544137,0.01951694221299949,0.018001505722678557,0.02886966047935502,0.022137100941296062,0.0163394012142275,0.016189210429127243,-0.0029990763859105707,0.04559699363628944,0.007195501603958654
2024-06-30,0.03528013273987973,-0.01826739759681295,0.026180211540267395,0.012169869731184724,0.018171608489701008,0.005963371763777481,0.004793712451683252,-0.0013469974027456866,-0.001719002334276687,0.018756026847833063,0.005442908519007528
2024-07-31,0.01210914745285474,0.02591596224812931,0.008452701696808562,0.02897218955142944,0.03629936695788305,0.026380918600711567,0.023522319598837216,0.05367196334938251,-0.02798097249884557,0.07939362062067112,0.011796353922079339
2024-08-31,0.023365661279203698,0.0326032113909549,0.009778735302066854,0.013457865920627698,0.021112010531965764,0.018705017199531992,0.015474089175689931,0.02092249026936499,-0.020814967064192058,0.05220645753132103,0.008919574138347652
2024-09-30,0.021004422332780548,0.007833193803060468,0.05741300625248802,0.013824887121944185,0.019994657977890684,0.019629285578559363,0.016970814304375637,0.050888514912532434,0.007236571314352291,0.032696798127038296,0.007732381388152021
2024-10-31,-0.008923349631861921,-0.05273219027193898,-0.03074575344421393,-0.03387370477956697,-0.05454903916873932,-0.03179409466364935,-0.00963598365500451,0.04299348742370945,0.014369065928183433,-0.0335660794812187,-0.006238366350051372
2024-11-30,0.05963325305722611,-0.0031558075321397316,-0.026771711109371266,0.010209441352972304,0.01987234168347385,0.017909238298491337,0.01644548423074399,-0.031241364603207922,-0.01992033520735359,0.04259167344567372,0.002960867271630363
2024-12-31,-0.024060007572401787,-0.029501705273033862,-0.016966741036683275,-0.022584072695136626,-0.0638104079269145,-0.026758058115228134,-0.007802713289146057,-0.014088486936242206,0.01722728461039935,-0.08372188456325069,0.002504444122080063
2025-01-31,0.026856430400189923,0.04800954488713938,0.021520875819398988,0.006165556453621157,0.004923957999779072,0.00580306517989615,0.01360433776212755,0.06785607873643373,0.02759587731841817,0.01650217928018538,0.0037813720460022626
2025-02-28,-0.012694832821118496,0.02953060104319749,0.011469922797365584,0.02799694329786373,0.05697105316260198,0.02371325251994949,0.009702807287785165,0.018216241876359174,0.001365542193477065,0.03699603542468499,0.0073518840766677584
2025-03-31,-0.05571931854679624,0.0018386722504235564,0.01134012677072782,0.0034195400459675618,-0.012046820697275473,-0.0046247324661736755,-0.010858025848481723,0.09446585889998316,0.022727313461619714,-0.02587789389448991,0.004407422064605759
2025-04-30,-0.008670180855191778,0.036950860971410204,0.0013729127716290979,0.010561049513265308,-0.01360469780229756,-0.0027061536805583764,0.0011718300384373492,0.05424437277239913,-0.08577786325995818,-0.024409104975535723,0.008125988219176428
2025-05-31,0.06284509736034405,0.04790558129677369,0.040219393443337026,-0.012395891849441787,-0.0321060422602516,0.0020642835813480254,0.017532033244346712,-0.0005595776946504261,0.015070463235811848,0.011207950875338879,-0.002546300022459147
2025-06-30,0.05138605630198745,0.023962219090976067,0.07002038524613519,0.016019644812757194,0.026640190521337148,0.02082434693022739,0.01838535644172956,0.004051318985581975,0.044540337874050095,0.006884986392022618,0.005850931644799662
2025-07-31,0.02303154344336633,-0.020919628404458934,0.006633454211143031,-0.00593945449486144,-0.011396561750200873,-0.0008974504325200972,0.001357736953938371,-0.0061345510598058706,0.029344342392092937,0.0008982019554570897,-0.0009201564008027852
2025-08-31,0.020519537835420598,0.04524687605754485,0.02677099401415739,0.016481568983353956,0.00012718909717879257,0.010435810038667448,0.011053432520607087,0.049874624687468394,-0.010690501750062142,0.03477671339123911,0.008875475784289488
2025-09-30,0.035620412937162005,0.02066024791754062,0.07099879466947767,0.006511239836196392,0.03590957392682648,0.018772142438078454,0.008859897105502723,0.11758415768627128,0.014407972239687483,0.0005763974444334963,0.0028770370564077385
2025-10-31,0.023837414102428234,0.011995296653732446,0.03558049354289028,0.007112684853592066,0.013810874004700713,0.0014948520210484872,-0.00011156847200688436,0.035586670754335525,0.015534844102449652,-0.02450218603541887,0.003337387641282774
2025-11-30,0.0019499438514807288,0.0074082379922146835,-0.017721479131558193,0.009881242785954258,0.0027233102666350817,0.00931159529659742,0.007463643871417958,0.05367817567023114,0.007867126314085038,0.024220564746014972,0.004388344164676372
2025-12-31,0.0007975195784812872,0.027104738074029466,0.0215930054786182,-0.00761187525835294,-0.026585970315684326,-0.0073746400494153486,0.004925738565862536,0.02173350667644791,0.0022788157681672416,-0.02236261632243275,0.0029473433550006867
2026-01-31,0.0147377327962257,0.049047163848221054,0.08024126234895812,-0.0022877983202654883,-0.0003442685265967471,0.0034484858436170107,0.006077247725967849,0.12273224230545998,0.09257601244724101,0.02610474278059982,0.0020526280022803434
2026-02-28,-0.008641951723092456,0.04605915711774289,0.05888330705215572,0.024699806682477954,0.046337461160541604,0.013779658922870475,-1.2439606434044848e-05,0.08720077925273872,0.027425299546639748,0.053854631059392144,0.0053180275434068225
2026-03-31,-0.04937954609873141,-0.07828810224923799,-0.09252158430992752,-0.02320195697380112,-0.04230042711761561,-0.02072824794989858,-0.009536185915220208,-0.11051161024305556,0.15338646705009684,-0.06313939296458815,-0.004665137045592016
2026-04-30,0.10505265471572445,0.053433569321177155,0.12678289570111367,-0.0015033847148568924,-0.00839657975620034,0.0028190937930920867,0.015206671467198563,-0.015408224107347213,0.07426596068635027,0.08602035113106843,0.001907112961739843
2026-05-31,0.05262573224822242,0.024237718572423184,0.07204245467625303,-0.00019010628971216637,0.0053338828386437775,0.008623507643695127,0.004364611917228922,-0.015436926989543909,-0.05209005850040571,-0.006540069249841629,0.0007660641312825511
